-- phpMyAdmin SQL Dump
-- version 5.1.1
-- https://www.phpmyadmin.net/
--
-- Host: localhost:3306
-- Waktu pembuatan: 07 Apr 2023 pada 18.21
-- Versi server: 5.7.33
-- Versi PHP: 7.4.19

SET SQL_MODE = "NO_AUTO_VALUE_ON_ZERO";
START TRANSACTION;
SET time_zone = "+00:00";


/*!40101 SET @OLD_CHARACTER_SET_CLIENT=@@CHARACTER_SET_CLIENT */;
/*!40101 SET @OLD_CHARACTER_SET_RESULTS=@@CHARACTER_SET_RESULTS */;
/*!40101 SET @OLD_COLLATION_CONNECTION=@@COLLATION_CONNECTION */;
/*!40101 SET NAMES utf8mb4 */;

--
-- Database: `topsis`
--

-- --------------------------------------------------------

--
-- Struktur dari tabel `tab_alternatif`
--

CREATE TABLE `tab_alternatif` (
  `id_alternatif` varchar(10) NOT NULL,
  `nama_alternatif` varchar(50) NOT NULL
) ENGINE=InnoDB DEFAULT CHARSET=latin1;

--
-- Dumping data untuk tabel `tab_alternatif`
--

INSERT INTO `tab_alternatif` (`id_alternatif`, `nama_alternatif`) VALUES
('1', 'Fajar'),
('2', 'sukma'),
('3', 'brucel');

-- --------------------------------------------------------

--
-- Struktur dari tabel `tab_kriteria`
--

CREATE TABLE `tab_kriteria` (
  `id_kriteria` varchar(10) NOT NULL,
  `nama_kriteria` varchar(50) NOT NULL,
  `bobot` float NOT NULL,
  `status` varchar(20) NOT NULL
) ENGINE=InnoDB DEFAULT CHARSET=latin1;

--
-- Dumping data untuk tabel `tab_kriteria`
--

INSERT INTO `tab_kriteria` (`id_kriteria`, `nama_kriteria`, `bobot`, `status`) VALUES
('1', 'Gaji', 5, 'Cost'),
('2', 'BPJS', 1, 'Benefit');

-- --------------------------------------------------------

--
-- Struktur dari tabel `tab_topsis`
--

CREATE TABLE `tab_topsis` (
  `id_alternatif` varchar(10) NOT NULL,
  `id_kriteria` varchar(10) NOT NULL,
  `nilai` float NOT NULL
) ENGINE=InnoDB DEFAULT CHARSET=latin1;

--
-- Dumping data untuk tabel `tab_topsis`
--

INSERT INTO `tab_topsis` (`id_alternatif`, `id_kriteria`, `nilai`) VALUES
('1', '1', 2000000),
('1', '2', 1000000),
('2', '1', 5000000),
('2', '2', 2000000),
('3', '1', 30000000),
('3', '2', 1000000);

--
-- Indexes for dumped tables
--

--
-- Indeks untuk tabel `tab_alternatif`
--
ALTER TABLE `tab_alternatif`
  ADD PRIMARY KEY (`id_alternatif`);

--
-- Indeks untuk tabel `tab_kriteria`
--
ALTER TABLE `tab_kriteria`
  ADD PRIMARY KEY (`id_kriteria`);

--
-- Indeks untuk tabel `tab_topsis`
--
ALTER TABLE `tab_topsis`
  ADD PRIMARY KEY (`id_alternatif`,`id_kriteria`),
  ADD KEY `id_kriteria` (`id_kriteria`);
COMMIT;

/*!40101 SET CHARACTER_SET_CLIENT=@OLD_CHARACTER_SET_CLIENT */;
/*!40101 SET CHARACTER_SET_RESULTS=@OLD_CHARACTER_SET_RESULTS */;
/*!40101 SET COLLATION_CONNECTION=@OLD_COLLATION_CONNECTION */;
